,City,Cloudiness,Country,Date,Humidity,Lat,Lng,Max Temp,Wind Speed
0,Flateby,90,NO,1547956200,92,59.83,11.15,21.2,4.7
1,Cape Town,0,ZA,1547953200,71,-33.93,18.42,53.6,3.36
2,Alexandria,90,US,1547956440,69,31.31,-92.44,37.4,6.93
3,Qaanaaq,0,GL,1547957377,100,77.48,-69.36,-26.15,11.77
4,Barrow,0,AR,1547957378,62,-38.31,-60.23,67.46,14.23
5,Yoichi,75,JP,1547953200,68,43.19,140.77,30.2,8.05
6,Nikolskoye,20,RU,1547955000,85,59.7,30.79,24.8,11.18
7,Rawson,0,AR,1547957382,14,-43.3,-65.11,83.12,17.69
8,Juegang,0,CN,1547957384,84,32.31,121.18,44.69,17.02
9,Paamiut,80,GL,1547957385,100,61.99,-49.67,27.59,19.26
10,Longyearbyen,20,NO,1547956200,64,78.22,15.63,-2.21,5.82
11,Chokurdakh,12,RU,1547957387,0,70.62,147.9,-42.62,2.71
12,Cabedelo,40,BR,1547953200,88,-6.97,-34.84,78.8,5.82
13,Punta Arenas,20,CL,1547953200,86,-53.16,-70.91,48.2,23.04
14,Palana,32,RU,1547957391,75,59.08,159.95,29.16,10.65
15,Rikitea,92,PF,1547957392,100,-23.12,-134.97,80.15,11.21
16,Tigzirt,0,DZ,1547957393,97,36.57,4.2,28.89,1.92
17,Altay,0,CN,1547957395,48,47.83,88.13,-12.47,2.59
18,Hobart,75,AU,1547955000,31,-42.88,147.33,78.8,10.29
19,Yellowknife,90,CA,1547954400,76,62.45,-114.38,-5.81,10.29
20,Port Alfred,92,ZA,1547957399,100,-33.59,26.89,61.56,5.61
21,Los Llanos de Aridane,32,ES,1547955000,67,28.66,-17.92,62.6,10.29
22,Dingle,80,PH,1547957401,100,11.0,122.67,75.56,8.75
23,Talnakh,56,RU,1547957403,76,69.49,88.39,-0.81,13.44
24,Hofn,0,IS,1547957404,100,64.25,-15.21,37.13,15.68
25,Cidreira,100,BR,1547957405,94,-30.17,-50.22,69.98,11.54
26,New Norfolk,75,AU,1547955000,31,-42.78,147.06,78.8,10.29
27,Yar-Sale,0,RU,1547957408,83,66.83,70.83,-5.31,5.17
28,Puerto Ayora,92,EC,1547957409,100,-0.74,-90.35,77.27,7.63
29,Nanortalik,20,GL,1547957410,91,60.14,-45.24,23.99,12.44
30,Georgetown,20,GY,1547953200,94,6.8,-58.16,75.2,6.93
31,Lewisporte,75,CA,1547953200,65,49.25,-55.06,8.6,12.75
32,Bambous Virieux,40,MU,1547953200,83,-20.34,57.76,78.8,3.36
33,Truro,68,GB,1547952600,87,50.26,-5.05,44.6,10.29
34,Lagoa,20,PT,1547955000,87,37.14,-8.45,57.2,18.34
35,Bilibino,0,RU,1547957419,82,68.06,166.44,-39.83,3.15
36,Mahebourg,40,MU,1547953200,83,-20.41,57.7,78.8,3.36
37,Bolu,20,TR,1547957421,99,40.73,31.61,15.71,2.59
38,Souillac,100,FR,1547955000,93,45.6,-0.6,42.8,2.24
39,Ushuaia,40,AR,1547953200,57,-54.81,-68.31,48.2,26.4
40,Yabelo,0,ET,1547957425,73,4.89,38.09,54.63,2.93
41,Golpayegan,0,IR,1547957426,76,33.46,50.29,6.71,2.59
42,Qasigiannguit,76,GL,1547952600,84,68.82,-51.19,1.4,11.41
43,Kenai,1,US,1547952960,87,60.55,-151.26,8.96,5.82
44,Puerto Baquerizo Moreno,92,EC,1547957431,100,-0.9,-89.6,78.21,9.42
45,Alakurtti,48,RU,1547957432,60,66.96,30.34,0.63,2.37
46,Mataura,92,NZ,1547957434,95,-46.19,168.86,55.31,25.3
47,Carnarvon,0,ZA,1547957435,53,-30.97,22.13,48.06,10.76
48,Kapaa,1,US,1547952960,68,22.08,-159.32,80.06,12.75
49,Iguape,44,BR,1547957437,100,-24.7,-47.56,75.2,4.61
50,Necochea,0,AR,1547957439,76,-38.55,-58.74,63.05,13.0
51,Najran,5,SA,1547953200,49,17.54,44.22,48.2,1.59
52,Sitka,0,US,1547957441,79,37.17,-99.65,17.42,4.38
53,Talcahuano,90,CL,1547953200,93,-36.72,-73.12,57.2,3.36
54,Kalabo,12,ZM,1547957444,96,-15.0,22.67,65.75,4.72
55,Erdenet,12,MN,1547957445,37,49.03,104.04,0.59,4.94
56,Bathsheba,40,BB,1547953200,78,13.22,-59.52,77.0,12.75
57,Yeppoon,32,AU,1547955000,48,-23.13,150.74,86.0,14.99
58,Hermanus,8,ZA,1547957449,96,-34.42,19.24,45.09,4.5
59,Bethel,90,US,1547955240,85,60.79,-161.76,12.2,3.36
60,Finnsnes,48,NO,1547956200,83,69.23,17.98,21.2,11.41
61,Busselton,0,AU,1547957453,66,-33.64,115.35,82.26,4.61
62,Mahajanga,40,MG,1547953200,94,-15.72,46.32,77.0,4.7
63,Kidal,0,ML,1547957456,20,18.44,1.41,49.1,11.77
64,Bambanglipuro,48,ID,1547957457,79,-7.95,110.28,84.78,4.94
65,Chicama,90,PE,1547953200,83,-7.84,-79.15,71.6,11.41
66,Lazaro Cardenas,5,MX,1547955780,41,28.39,-105.62,39.2,2.37
67,Ponta do Sol,36,BR,1547957461,93,-20.63,-46.0,67.46,1.25
68,Imbituba,75,BR,1547953200,78,-28.24,-48.67,73.4,13.87
69,Nouadhibou,0,MR,1547957464,81,20.93,-17.03,58.86,14.23
70,Kaeo,100,NZ,1547957465,65,-35.1,173.78,78.48,12.1
71,Matagami,0,NG,1547957466,70,9.67,8.4,58.59,2.48
72,Clearwater,90,US,1547956560,82,27.97,-82.8,69.98,9.17
73,Freeport,8,BS,1547957469,99,26.54,-78.7,75.29,14.45
74,Sao Filipe,8,CV,1547957470,97,14.9,-24.5,71.01,17.02
75,Kavaratti,0,IN,1547957471,100,10.57,72.64,81.36,3.15
76,Belaya Gora,12,RU,1547957473,0,68.54,146.19,-48.83,2.93
77,Saint-Philippe,90,CA,1547956080,76,45.36,-73.48,-5.81,19.46
78,Hit,0,IQ,1547957475,69,33.64,42.83,27.14,3.27
79,Charters Towers,48,AU,1547957476,72,-20.07,146.27,84.06,12.1
80,Faya,0,SA,1547953200,81,18.39,42.45,51.8,6.93
81,Avarua,75,CK,1547956800,74,-21.21,-159.78,84.2,3.36
82,Butaritari,80,KI,1547957480,100,3.07,172.79,83.48,13.0
83,Kailua,90,US,1547955480,69,21.39,-157.74,80.06,8.05
84,Palmas,20,BR,1547957400,95,-10.18,-48.33,75.83,6.73
85,Vanimo,68,PG,1547957484,100,-2.67,141.3,78.44,3.6
86,Mbeya,32,TZ,1547957485,91,-8.91,33.47,54.5,1.92
87,Fereydun Kenar,0,IR,1547953200,93,36.69,52.52,35.6,4.7
88,Upernavik,32,GL,1547957488,100,72.79,-56.15,-9.41,5.17
89,Jaguaquara,64,BR,1547957489,100,-13.53,-39.97,68.45,3.94
90,Esperance,20,TT,1547953200,88,10.24,-61.45,75.2,3.36
91,Kampong Thum,0,KH,1547957492,51,12.71,104.89,87.08,8.41
92,Sirjan,0,IR,1547957493,49,29.44,55.67,18.54,2.93
93,Lokosovo,76,RU,1547957494,86,61.13,74.84,20.39,10.2
94,Castro,0,CL,1547953200,93,-42.48,-73.76,53.6,3.36
95,Albany,90,US,1547956620,72,42.65,-73.75,24.08,8.05
96,Iqaluit,5,CA,1547953200,74,63.75,-68.52,-23.81,4.7
97,Roald,76,NO,1547956200,100,62.58,6.12,32.0,9.17
98,Uruzgan,92,AF,1547957501,96,32.93,66.63,29.21,2.48
99,Saint George,40,GR,1547956200,93,39.45,22.34,42.8,4.7
100,Salalah,0,OM,1547952600,46,17.01,54.1,71.6,24.16
101,Ancud,92,CL,1547953200,93,-41.87,-73.83,53.6,3.36
102,Calama,0,CL,1547953200,38,-22.46,-68.93,60.8,9.17
103,Hay River,90,CA,1547953200,70,60.82,-115.79,1.4,10.29
104,Teahupoo,40,PF,1547956800,66,-17.83,-149.27,84.2,6.93
105,Kabinda,80,CD,1547957510,99,-6.14,24.49,66.33,4.94
106,Turba,8,SY,1547957511,72,32.8,36.77,23.0,3.15
107,Hithadhoo,88,MV,1547957512,100,-0.6,73.08,79.38,5.5
108,Bredasdorp,12,ZA,1547953200,76,-34.53,20.04,53.6,2.24
109,Atuona,56,PF,1547957515,100,-9.8,-139.03,78.8,14.9
110,Victoria,75,BN,1547955000,83,5.28,115.24,87.8,6.93
111,Mana,20,RS,1547956800,100,43.52,20.24,33.8,3.36
112,Bilara,24,IN,1547957519,65,26.18,73.71,57.47,5.95
113,Puerto Madryn,0,AR,1547957520,44,-42.77,-65.04,76.41,21.94
114,Edd,36,ER,1547957522,93,13.93,41.69,66.38,2.71
115,Kantunilkin,75,MX,1547955780,88,21.1,-87.49,73.4,3.36
116,Qaqortoq,68,GL,1547956200,61,60.72,-46.03,15.8,16.11
117,Okhotsk,64,RU,1547957526,100,59.36,143.24,-7.43,11.65
118,Thompson,5,CA,1547953200,73,55.74,-97.86,-32.81,2.82
119,Kahului,40,US,1547952960,71,20.89,-156.47,78.08,18.34
120,Jamestown,0,AU,1547957529,82,-33.21,138.6,70.56,5.17
121,Hamilton,90,CA,1547956020,77,43.26,-79.87,6.8,18.34
122,Beawar,24,IN,1547957532,62,26.1,74.31,58.1,7.74
123,Walla Walla,75,US,1547956560,88,46.06,-118.33,48.02,5.5
124,Bowen,8,AU,1547957535,96,-20.01,148.25,81.32,20.49
125,Dunedin,68,NZ,1547957428,56,-45.87,170.5,65.88,20.71
126,San Cristobal,75,EC,1547956800,87,-0.39,-78.55,57.2,11.41
127,Olavarria,0,AR,1547957539,68,-36.89,-60.32,62.96,9.98
128,Bluff,0,AU,1547957540,38,-23.58,149.07,92.34,12.66
129,Nyrob,0,RU,1547957541,75,60.74,56.73,4.86,4.83
130,Tuktoyaktuk,40,CA,1547953200,83,69.44,-133.03,-7.61,8.05
131,Hami,56,CN,1547957544,81,42.84,93.51,18.32,0.69
132,Harindanga,0,IN,1547955000,63,22.04,88.32,66.2,4.7
133,Ulaanbaatar,0,MN,1547955000,77,47.92,106.92,-2.21,3.27
134,Lompoc,1,US,1547955300,76,34.64,-120.46,60.98,2.71
135,Dikson,64,RU,1547957549,100,73.51,80.55,6.62,10.98
136,Ayan,48,TR,1547957550,89,40.67,33.6,15.35,0.81
137,Nishihara,75,JP,1547955000,65,35.74,139.53,50.0,4.7
138,Rumonge,92,BI,1547957553,100,-3.97,29.44,67.86,4.05
139,Gobabis,0,NA,1547957554,25,-22.45,18.97,59.31,8.63
140,Hukuntsi,0,BW,1547957555,15,-23.98,21.76,60.21,9.08
141,Smithers,90,CA,1547953200,78,54.78,-127.17,37.4,12.75
142,Meulaboh,64,ID,1547957558,100,4.14,96.13,78.62,5.17
143,Norman Wells,40,CA,1547953200,75,65.28,-126.83,-14.81,2.24
144,Ko Samui,20,TH,1547955000,74,9.54,99.94,86.0,9.17
145,Halifax,75,CA,1547953200,65,44.65,-63.58,6.8,8.05
146,Lavrentiya,80,RU,1547957563,100,65.58,-170.99,1.76,8.52
147,Puerto Escondido,48,MX,1547957564,100,15.86,-97.07,81.23,0.92
148,Lusambo,64,CD,1547957565,92,-4.97,23.44,71.73,2.37
149,Vaini,0,IN,1547953200,52,15.34,74.49,68.0,5.82
150,Tasiilaq,8,GL,1547956200,79,65.61,-37.64,23.0,9.17
151,Filadelfia,0,PY,1547957569,69,-22.35,-60.04,72.05,5.95
152,Faanui,32,PF,1547957570,100,-16.48,-151.75,83.79,11.54
153,Pisco,0,PE,1547953200,88,-13.71,-76.2,69.8,9.17
154,Kpandu,24,GH,1547957573,89,7.0,0.29,75.92,2.37
155,Cherskiy,8,RU,1547957574,58,68.75,161.3,-32.67,2.71
156,Severo-Kurilsk,88,RU,1547957575,97,50.68,156.12,33.26,17.69
157,Sibu,75,MY,1547953200,88,2.29,111.83,80.6,2.24
158,Lata,44,IN,1547957578,72,30.78,78.62,36.05,2.71
159,Baiquan,0,CN,1547957579,47,47.61,126.08,6.39,8.41
160,Lillooet,1,CA,1547956800,80,50.69,-121.94,41.0,17.22
161,San Antero,20,CO,1547953200,100,9.38,-75.76,78.8,11.77
162,Sterlibashevo,92,RU,1547957583,90,53.44,55.26,16.29,9.31
163,Aklavik,90,CA,1547953200,76,68.22,-135.01,-4.01,6.06
164,Bibiani,24,GH,1547957586,95,6.45,-2.31,71.64,3.15
165,Antalaha,92,MG,1547957587,100,-14.9,50.28,75.65,7.74
166,Jackson,90,US,1547956560,88,35.61,-88.82,30.2,23.04
167,Sao Jose da Coroa Grande,92,BR,1547957589,100,-8.9,-35.15,76.1,3.38
168,Vao,68,EE,1547957591,83,59.1,26.19,24.44,17.36
169,Tiksi,12,RU,1547957592,0,71.64,128.87,-45.09,2.59
170,Dakar,0,SN,1547955000,25,14.69,-17.45,66.2,18.34
171,Vila Velha,20,BR,1547953200,94,-3.71,-38.6,77.0,4.7
172,Raudeberg,0,NO,1547956200,86,61.99,5.14,28.4,8.05
173,Fortuna,75,ES,1547955000,93,38.18,-1.13,50.0,2.24
174,Viedma,0,AR,1547957600,30,-40.81,-62.99,75.83,14.23
175,Katsuura,75,JP,1547955000,67,33.93,134.5,57.2,24.16
176,Geraldton,20,CA,1547953200,66,49.72,-86.95,-29.21,3.36
177,East London,40,ZA,1547956800,67,-33.02,27.91,60.8,3.36
178,Ruteng,8,ID,1547957605,84,-8.61,120.46,82.31,2.37
179,Ribas do Rio Pardo,76,BR,1547957606,91,-20.45,-53.76,72.95,2.59
180,Tuatapere,92,NZ,1547957607,100,-46.13,167.69,55.53,28.66
181,Merauke,56,ID,1547957608,96,-8.49,140.4,84.11,6.4
182,Kadiri,0,IN,1547957610,77,14.11,78.16,66.96,4.16
183,Yayva,8,RU,1547957611,65,59.33,57.26,2.61,2.71
184,Kovdor,56,RU,1547957612,72,67.56,30.47,-2.93,2.37
185,Nandu,0,CN,1547953200,60,31.44,119.33,42.8,4.47
186,Clyde River,90,CA,1547953200,82,70.47,-68.59,-23.81,2.24
187,Yuxia,88,CN,1547953200,34,34.06,108.63,37.4,2.24
188,Formosa,90,AR,1547953200,94,-26.19,-58.17,68.0,4.7
189,Brumado,0,BR,1547957619,84,-14.2,-41.67,69.84,10.31
190,Sobradinho,76,BR,1547957620,97,-29.41,-53.03,64.89,8.08
191,Ambovombe,20,MG,1547957621,98,-25.18,46.09,75.11,2.59
192,Northam,88,GB,1547952600,93,51.04,-4.21,42.8,5.82
193,Kungurtug,0,RU,1547957624,46,50.6,97.53,-19.71,2.37
194,Airai,80,TL,1547957625,83,-8.93,125.41,78.62,2.04
195,Sarangani,8,PH,1547957627,95,5.4,125.46,81.95,20.49
196,Arvika,32,SE,1547956200,92,59.65,12.59,17.6,5.82
197,Makakilo City,1,US,1547956620,64,21.35,-158.09,78.08,6.93
198,Malanje,68,AO,1547957630,95,-9.54,16.35,64.4,3.15
199,Mount Gambier,0,AU,1547953200,51,-37.83,140.78,80.6,12.75
200,Saint-Joseph,90,FR,1547956800,93,43.56,6.97,44.6,1.12
201,Bandarbeyla,92,SO,1547957634,100,9.49,50.81,75.38,16.02
202,Broome,0,GB,1547956560,92,52.47,1.45,26.6,2.24
203,Saskylakh,64,RU,1547957637,64,71.97,114.09,-22.1,11.99
204,Xichang,0,CN,1547957638,35,27.88,102.25,39.24,1.81
205,Sept-Iles,5,CA,1547953200,60,50.2,-66.38,-27.41,3.36
206,Hasaki,75,JP,1547956800,100,35.73,140.83,51.8,6.93
207,Collie,0,AU,1547957642,21,-33.36,116.15,100.85,13.22
208,Kedrovyy,0,RU,1547955000,72,56.17,91.82,14.0,4.47
209,Kiunga,0,PG,1547957645,60,-6.12,141.3,90.32,2.93
210,Blonie,75,PL,1547956800,92,52.2,20.62,23.0,1.12
211,Lebu,0,ET,1547957647,77,8.96,38.73,35.06,2.59
212,Lerwick,76,GB,1547956200,87,60.15,-1.15,42.8,5.82
213,Pacific Grove,1,US,1547956500,77,36.62,-121.92,57.92,5.82
214,Mayumba,88,GA,1547957651,100,-3.44,10.65,77.04,5.73
215,Narsaq,64,GL,1547956200,61,60.91,-46.05,15.8,16.11
216,Torbay,20,CA,1547953200,78,47.66,-52.73,14.0,17.22
217,Colac,0,AU,1547957655,59,-38.34,143.59,76.73,3.6
218,Khatanga,68,RU,1547957656,74,71.98,102.47,-11.34,7.96
219,Anadyr,0,RU,1547953200,76,64.73,177.51,-11.21,13.42
220,Dunmore Town,0,BS,1547957659,100,25.5,-76.65,75.65,14.0
221,Haapiti,40,PF,1547956800,66,-17.57,-149.87,84.2,6.93
222,Marzuq,0,YE,1547957662,86,14.4,46.47,42.62,2.26
223,Agua Verde,75,MX,1547955780,77,22.89,-105.97,68.0,3.36
224,Lianran,20,CN,1547953200,46,24.92,102.47,53.6,13.42
225,Hauterive,48,FR,1547955000,93,46.09,3.45,35.6,3.36
226,Chita,40,RU,1547955000,44,52.03,113.5,17.6,11.18
227,Obo,0,CF,1547957668,65,5.39,26.49,61.83,5.95
228,Atherton,90,GB,1547956200,93,53.52,-2.49,39.2,2.24
229,Caravelas,44,BR,1547957610,100,-17.73,-39.27,81.14,16.69
230,Port Blair,48,IN,1547957672,100,11.67,92.75,82.26,16.02
231,Kodiak,40,US,1547956500,50,39.95,-94.76,10.04,9.75
232,Guerrero Negro,0,MX,1547957675,44,27.97,-114.04,61.16,9.19
233,Hervey Bay,32,AU,1547953200,43,-25.3,152.85,87.8,16.11
234,Tignere,0,CM,1547957677,59,7.37,12.65,56.3,2.59
235,Igboho,76,NG,1547957678,60,8.84,3.76,79.11,11.1
236,Pevek,44,RU,1547957680,100,69.7,170.27,-22.46,6.51
237,Richards Bay,92,ZA,1547957681,99,-28.77,32.06,65.93,12.88
238,Touros,20,BR,1547953200,83,-5.2,-35.46,80.6,6.93
239,Xingyi,0,CN,1547957683,77,24.19,102.82,55.76,3.71
240,Poum,90,MK,1547956800,100,41.28,20.71,35.6,2.24
241,Manggar,76,ID,1547957686,95,-2.88,108.27,81.59,10.98
242,Pangkalanbuun,80,ID,1547957687,93,-2.68,111.62,82.98,4.16
243,Novikovo,44,UA,1547957689,100,45.05,34.56,26.15,3.38
244,Coquimbo,20,CL,1547953200,87,-29.95,-71.34,59.0,6.93
245,Isangel,92,VU,1547957691,100,-19.55,169.27,78.84,18.7
246,Tulsipur,20,IN,1547957692,84,27.53,82.41,54.99,1.81
247,Namibe,88,AO,1547957694,100,-15.19,12.15,74.79,2.71
248,Lubango,12,AO,1547957695,95,-14.92,13.49,56.61,2.26
249,Erzin,40,TR,1547956200,74,36.95,36.2,37.4,5.82
250,Sola,90,NO,1547956200,100,58.89,5.65,33.8,4.7
251,Bahia Honda,32,CU,1547957699,90,22.9,-83.16,69.08,4.83
252,Khani,40,GE,1547955000,76,41.96,42.96,32.0,2.24
253,Provideniya,88,RU,1547957702,100,64.42,-173.23,14.18,3.83
254,Kruisfontein,0,ZA,1547957703,91,-34.0,24.73,58.68,7.63
255,Ribeira Grande,76,PT,1547957704,100,38.52,-28.7,61.97,3.94
256,Waipawa,0,NZ,1547957706,49,-39.94,176.59,70.83,18.81
257,Manavalakurichi,90,IN,1547955000,74,8.13,77.3,78.8,4.7
258,Voskevan,0,AM,1547955000,66,41.12,45.07,32.0,5.82
259,Turayf,0,SA,1547956800,71,31.68,38.65,32.0,9.17
260,Maniitsoq,80,GL,1547957711,100,65.42,-52.9,16.83,6.62
261,Paciran,0,ID,1547957712,81,-6.9,112.33,87.08,4.38
262,Guiong,75,PH,1547956800,58,6.42,122.03,87.8,9.17
263,Leisure City,90,US,1547956500,83,37.49,-88.44,28.94,16.11
264,Kieta,64,PG,1547957716,96,-6.22,155.63,82.4,11.54
265,Tazovskiy,56,RU,1547957718,85,67.47,78.7,4.86,11.99
266,Saldanha,36,PT,1547957719,96,41.42,-6.55,40.23,5.17
267,Sangar,64,RU,1547957720,42,63.92,127.47,-27.59,9.75
268,Bajil,76,ES,1547957722,96,38.23,-2.07,34.61,2.48
269,Huilong,92,CN,1547957723,96,28.89,110.18,36.63,4.72
270,Baykit,48,RU,1547957724,74,61.68,96.39,10.98,9.19
271,Vardo,90,US,1547956800,100,39.62,-77.74,35.6,8.05
272,Coracora,24,PE,1547957727,100,-15.02,-73.78,43.07,2.15
273,Yerbogachen,64,RU,1547957728,71,61.28,108.01,14.04,9.31
274,Laguna,0,MX,1547957729,70,27.52,-110.01,62.78,2.26
275,Emerald,40,AU,1547954580,33,-23.53,148.16,91.4,17.22
276,Nsanje,92,MZ,1547957732,100,-16.92,35.26,71.73,4.38
277,Vila,0,IT,1547956200,92,45.18,8.4,33.8,4.7
278,Puerto Madero,20,AR,1547956800,73,-34.61,-58.36,69.8,18.34
279,Hilo,1,US,1547956380,73,19.71,-155.08,73.94,3.36
280,Caibarien,20,CU,1547956200,88,22.52,-79.47,68.0,3.36
281,Boffa,0,GN,1547957738,90,10.18,-14.04,70.29,2.82
282,Gaya,0,IN,1547955000,62,24.8,85.01,59.0,6.93
283,Svetlogorsk,90,RU,1547955000,92,53.14,59.15,17.6,6.71
284,Jensen Beach,1,US,1547956500,67,27.25,-80.23,69.98,10.29
285,Escanaba,90,US,1547956560,83,45.75,-87.06,9.86,3.36
286,Pampa,1,US,1547956500,83,35.54,-100.96,33.08,2.26
287,Kununurra,75,AU,1547955000,44,-15.77,128.74,98.6,5.82
288,Trinidad,8,UY,1547957747,69,-33.52,-56.9,63.95,10.65
289,Havoysund,76,NO,1547956200,73,71.0,24.66,23.0,17.22
290,Wajima,75,JP,1547956800,93,37.4,136.9,41.0,4.7
291,Vaitape,48,PF,1547957751,100,-16.52,-151.75,81.68,8.63
292,Lodja,48,CD,1547957752,96,-3.52,23.6,70.88,2.37
293,Canelli,40,IT,1547956200,94,44.72,8.29,41.0,11.41
294,Kabalo,88,CD,1547957755,95,-6.05,26.92,70.34,4.38
295,Mar del Plata,0,AR,1547957756,30,-46.43,-67.52,76.28,19.26
296,Madarounfa,56,NE,1547957757,49,13.3,7.16,61.88,4.05
297,Samarai,92,PG,1547957759,100,-10.62,150.67,78.71,14.23
298,Nantucket,90,US,1547956500,96,41.28,-70.1,35.96,16.11
299,Kimberley,0,ZA,1547956800,29,-28.74,24.76,59.0,5.82
300,Nemuro,75,JP,1547956800,63,43.32,145.57,26.6,5.82
301,Fairbanks,90,US,1547954880,70,64.84,-147.72,-2.21,3.04
302,Tezu,0,IN,1547957766,40,27.93,96.16,55.98,1.59
303,Araouane,0,ML,1547957767,37,18.9,-3.53,42.21,6.4
304,Madang,92,PG,1547957768,100,-5.21,145.81,75.38,4.72
305,Pangody,24,RU,1547957770,80,65.85,74.49,-4.59,7.4
306,Karratha,0,AU,1547957771,27,-20.74,116.85,102.11,6.73
307,Hualmay,44,PE,1547957772,98,-11.1,-77.61,66.38,1.25
308,San Patricio,44,PY,1547957773,79,-26.98,-56.83,72.05,5.95
309,Sanawad,0,IN,1547953200,34,22.17,76.08,64.4,6.93
310,Inhambane,100,MZ,1547957776,100,-23.87,35.38,76.19,35.48
311,Preobrazheniye,36,RU,1547957777,56,42.9,133.91,10.89,6.85
312,Phatthalung,20,TH,1547953200,62,7.62,100.08,86.0,13.87
313,Cradock,0,ZA,1547957780,93,-32.16,25.62,37.22,0.36
314,Povarovo,75,RU,1547955000,85,56.08,37.05,21.2,13.42
315,Bure,0,NG,1547957782,52,10.52,10.33,57.78,3.71
316,Cairns,40,AU,1547955000,62,-16.92,145.77,86.0,18.34
317,Anaconda,90,US,1547956380,85,46.13,-112.94,33.98,8.05
318,Kyabe,0,TD,1547957786,48,9.45,18.94,62.73,5.28
319,Kraslava,92,LV,1547957787,91,55.9,27.16,29.43,23.73
320,Beyneu,80,KZ,1547957788,96,45.32,55.19,14.36,3.71
321,Riberalta,44,BO,1547957790,87,-11.0,-66.08,77.58,3.6
322,Sandwick,90,GB,1547952600,96,54.57,-2.89,32.0,3.36
323,Balkhash,0,KZ,1547955000,78,46.84,74.98,10.4,15.66
324,Tura,0,IN,1547957794,90,25.52,90.21,61.7,3.49
325,Wakkanai,75,JP,1547956800,73,45.41,141.67,21.2,14.99
326,Mwense,92,ZM,1547957796,99,-10.39,28.7,64.04,2.71
327,Okato,0,NZ,1547957797,87,-39.19,173.88,66.78,16.69
328,Port Elizabeth,90,US,1547956560,82,39.31,-74.98,44.6,17.22
329,Walvis Bay,90,NA,1547953200,77,-22.95,14.51,62.6,13.87
330,Quatre Cocos,20,MU,1547956800,78,-20.21,57.76,82.4,11.41
331,Macae,0,BR,1547957802,84,-22.37,-41.79,72.95,4.83
332,Saint-Paul,90,FR,1547955000,94,45.22,1.9,35.6,4.7
333,Port Hedland,0,AU,1547955000,56,-20.31,118.58,98.6,12.75
334,Yichun,44,CN,1547957806,56,47.72,128.88,2.39,6.51
335,Kibre Mengist,0,ET,1547957807,67,5.87,38.99,46.22,2.26
336,Henties Bay,0,NA,1547957809,100,-22.12,14.28,62.01,7.4
337,Batagay,24,RU,1547957810,0,67.65,134.64,-63.68,2.93
338,Bairnsdale,0,AU,1547957812,70,-37.83,147.63,76.23,3.94
339,Tukums,0,LV,1547956200,100,56.97,23.17,30.2,6.93
340,Pakokku,0,MM,1547957814,79,21.33,95.09,68.36,4.16
341,Cockburn Town,0,TC,1547957815,100,21.46,-71.14,78.39,19.26
342,Kaitangata,76,NZ,1547957817,85,-46.28,169.85,59.36,35.03
343,Itigi,92,TZ,1547957818,99,-5.7,34.5,60.98,3.94
344,Cabo San Lucas,5,MX,1547955720,59,22.89,-109.91,68.0,8.05
345,Adrar,0,DZ,1547953200,33,27.87,-0.29,42.8,5.82
346,Quixeramobim,0,BR,1547957822,95,-5.2,-39.3,71.69,3.04
347,Rehli,0,IN,1547957823,74,23.64,79.06,50.45,2.59
348,The Valley,20,AI,1547953200,69,18.22,-63.06,77.0,10.29
349,Barreirinhas,88,BR,1547957825,95,-2.75,-42.83,75.33,5.95
350,Batemans Bay,0,AU,1547957827,72,-35.71,150.18,78.26,5.5
351,Broken Hill,92,AU,1547953200,14,-31.97,141.45,87.8,14.99
352,Aksu,75,KZ,1547956800,84,52.04,76.93,32.0,8.95
353,Itoman,75,JP,1547956800,82,26.12,127.67,68.0,18.34
354,Port Moresby,75,PG,1547956800,66,-9.47,147.16,87.8,13.87
355,Husavik,12,CA,1547957833,71,50.56,-96.99,-36.54,5.61
356,Constitucion,5,MX,1547952540,39,23.99,-104.67,46.4,4.7
357,Wanaka,48,NZ,1547957595,55,-44.7,169.14,57.92,12.88
358,Sal Rei,75,CV,1547953200,64,16.18,-22.92,68.0,17.22
359,Mount Isa,0,AU,1547955000,14,-20.73,139.49,107.6,18.34
360,Yerofey Pavlovich,8,RU,1547957840,66,53.97,121.97,-10.58,2.48
361,Iberia,32,PE,1547957841,90,-11.41,-69.49,76.73,4.05
362,Vanavara,36,RU,1547957842,73,60.35,102.28,13.64,7.74
363,Lieksa,44,FI,1547957844,78,63.32,30.02,4.19,2.59
364,Port Hardy,40,CA,1547953200,86,50.7,-127.42,41.0,6.93
365,Yulara,20,AU,1547953200,16,-25.24,130.99,102.2,11.41
366,Mitu,24,IR,1547957848,85,36.2,46.09,12.29,1.48
367,Saint-Leu,0,RE,1547956800,48,-21.15,55.28,87.8,3.36
368,Bundaberg,0,AU,1547953200,43,-24.87,152.35,87.8,16.11
369,Gat,0,SN,1547955000,25,14.69,-16.54,66.2,18.34
370,Grindavik,75,IS,1547956800,100,63.84,-22.43,32.0,21.92
371,Padang,40,ID,1547953200,79,-0.92,100.36,86.0,4.7
372,Chitral,88,PK,1547957855,83,35.85,71.79,12.29,0.81
373,Jian,0,IN,1547957856,66,25.65,87.89,60.48,4.5
374,Mamedkala,8,RU,1547957858,67,42.17,48.12,16.52,1.81
375,Jalu,80,LY,1547957859,45,29.03,21.55,45.95,3.04
376,Klaksvik,92,FO,1547956200,93,62.23,-6.59,39.2,16.11
377,Pimentel,88,BR,1547957862,96,-3.7,-45.5,73.94,3.38
378,Lorengau,80,PG,1547957863,100,-2.02,147.27,81.09,11.21
379,Dumas,0,IN,1547957864,96,21.09,72.71,71.42,6.29
380,Gayeri,0,BF,1547957866,25,12.65,0.49,65.88,10.42
381,Nalut,0,LY,1547957867,76,31.86,10.98,35.87,5.39
382,Evensk,88,RU,1547957868,100,61.92,159.24,16.79,20.83
383,Grand Gaube,20,MU,1547956800,78,-20.01,57.66,82.4,11.41
384,Te Anau,92,NZ,1547957871,97,-45.41,167.72,51.39,16.69
385,Zapolyarnyy,36,RU,1547956200,84,69.43,30.82,-2.21,8.05
386,Amapa,20,HN,1547956800,88,15.09,-87.97,73.4,1.92
387,La Ronge,5,CA,1547953200,74,55.1,-105.3,-27.41,8.05
388,Midland,1,US,1547956500,59,32.0,-102.08,43.88,2.93
389,Neiafu,75,TO,1547956800,94,-18.65,-173.98,78.8,11.41
390,San Carlos de Bariloche,0,AR,1547956800,48,-41.13,-71.31,62.6,12.75
391,Zanjan,0,IR,1547956800,71,36.67,48.48,3.2,4.7
392,Krasnyy Chikoy,20,RU,1547957881,55,50.36,108.75,9.99,2.37
393,Yanam,20,IN,1547955000,73,16.73,82.22,73.4,5.82
394,Cupar,90,GB,1547956200,100,56.32,-3.01,35.6,6.93
395,Shimoda,40,JP,1547956800,63,34.7,138.93,60.8,18.34
396,Anloga,20,GH,1547953200,88,5.79,0.9,80.6,5.82
397,Huarmey,20,PE,1547957887,87,-10.07,-78.15,65.34,2.93
398,Wahiawa,90,US,1547956620,69,21.5,-158.02,78.08,6.93
399,Zyryanskoye,8,RU,1547957890,77,56.83,86.62,12.92,10.65
400,Lufilufi,40,WS,1547953200,63,-13.87,-171.6,91.4,11.41
401,Ust-Omchug,88,RU,1547957893,44,61.13,149.63,-29.93,3.38
402,Bangassou,0,CF,1547957894,81,4.74,22.82,68.04,3.94
403,Manicore,80,BR,1547957779,94,-5.81,-61.3,75.11,2.71
404,Indramayu,8,ID,1547957896,80,-4.05,103.78,79.07,6.4
405,Kupang,75,ID,1547953200,70,-10.16,123.6,87.8,3.36
406,Prince Rupert,90,CA,1547956200,93,54.32,-130.32,42.8,16.11
407,Estacion Coahuila,1,MX,1547956740,64,32.19,-115.0,60.98,9.17
408,Rudraprayag,24,IN,1547957901,72,30.29,78.98,33.71,1.81
409,Montepuez,44,MZ,1547957903,96,-13.13,39.0,71.06,10.31
410,Tczew,20,PL,1547956800,79,54.09,18.8,28.4,8.05
411,Zalegoshch,76,RU,1547957905,88,52.9,36.89,21.74,10.76
412,Arivonimamo,75,MG,1547956800,94,-19.01,47.18,68.0,4.7
413,Umm Kaddadah,0,SD,1547957908,40,13.6,26.69,50.49,8.63
414,Magadan,88,RU,1547957909,100,59.56,150.8,16.7,21.72
415,Luanda,75,AO,1547956800,83,-8.83,13.24,78.8,3.36
416,Ikalamavony,64,MG,1547957912,95,-21.17,46.6,62.51,3.38
417,Whitehorse,90,CA,1547953200,84,60.72,-135.06,5.0,3.36
418,Ulcinj,90,ME,1547956800,100,41.93,19.22,46.4,2.24
419,Mae Sai,20,MM,1547956800,83,20.44,99.89,73.4,4.7
420,Dwarka,40,IN,1547956800,63,28.58,77.04,60.8,2.37
421,Komsomolskiy,76,RU,1547957918,88,67.55,63.78,12.83,12.55
422,Yumen,36,CN,1547957919,92,40.29,97.04,15.21,3.6
423,Iglino,90,RU,1547956800,92,54.82,56.41,19.4,8.95
424,Emba,20,CY,1547955000,87,34.81,32.42,53.6,10.29
425,Shahreza,0,IR,1547957923,63,32.01,51.87,3.24,4.5
426,Luderitz,0,NA,1547957924,55,-26.65,15.16,61.97,15.23
427,Jawa,12,NG,1547957926,45,12.81,11.04,58.64,5.28
428,Dongfeng,0,CN,1547957927,34,42.67,125.53,13.28,9.98
429,Angoche,76,MZ,1547957928,100,-16.23,39.91,78.39,15.01
430,Shanhetun,0,CN,1547957929,64,44.7,127.2,3.38,7.96
431,Codrington,40,AU,1547953200,55,-28.95,153.24,91.4,10.29
432,Entre Rios,80,BR,1547957932,89,-11.94,-38.08,78.71,7.18
433,College,90,US,1547957160,84,64.86,-147.8,-0.94,3.04
434,Bitung,20,ID,1547955000,66,1.44,125.19,87.8,9.17
435,San Rafael,0,AR,1547957936,41,-34.61,-68.33,73.04,11.21
436,Barcelos,40,PT,1547956800,76,41.53,-8.62,51.8,18.34
437,Saint-Louis,64,CH,1547956200,92,47.59,7.56,28.4,2.24
438,Voh,36,NC,1547957940,89,-20.95,164.69,80.91,14.45
439,Mogadishu,0,SO,1547957941,100,2.04,45.34,78.26,23.17
440,Flinders,75,AU,1547953200,61,-34.58,150.85,77.0,9.17
441,Buraydah,0,SA,1547956800,81,26.33,43.97,44.6,8.05
442,Hurup,68,DK,1547956200,100,56.75,8.42,28.4,5.82
443,Solnechnyy,56,RU,1547957947,70,50.72,136.64,-2.16,3.83
444,Bilma,0,NE,1547957948,48,18.69,12.92,48.74,6.06
445,Moron,68,VE,1547957949,93,10.49,-68.2,67.23,2.93
446,Murgab,90,TM,1547956800,79,37.5,61.97,35.6,13.87
447,Kamaishi,75,JP,1547956800,65,39.28,141.86,41.0,6.93
448,Bakchar,32,RU,1547957953,83,57.02,82.07,9.59,5.73
449,Iquitos,0,PE,1547956800,94,-3.75,-73.25,75.2,5.73
450,Tynda,0,RU,1547957956,52,55.15,124.74,-19.49,2.59
451,Nabire,12,ID,1547957957,63,-3.36,135.5,84.2,2.82
452,Naze,0,NG,1547957958,88,5.43,7.07,75.33,7.74
453,Jinchang,36,CN,1547957960,86,38.52,102.19,15.53,3.71
454,Havre-Saint-Pierre,40,CA,1547953200,55,50.23,-63.6,-20.21,6.93
455,Thinadhoo,88,MV,1547957962,100,0.53,72.93,81.05,9.98
456,Kavieng,92,PG,1547957964,100,-2.57,150.8,77.76,9.53
457,Merrill,90,US,1547956380,92,42.03,-121.6,41.0,6.96
458,Mehamn,76,NO,1547957966,87,71.03,27.85,20.84,9.75
459,Seymchan,20,RU,1547957967,74,62.93,152.39,-37.89,2.59
460,Ulladulla,75,AU,1547953200,61,-35.36,150.48,77.0,9.17
461,Yinchuan,68,CN,1547957970,58,38.48,106.21,16.74,2.59
462,Kalmunai,44,LK,1547957971,89,7.42,81.82,74.93,10.98
463,Kon Tum,0,VN,1547957973,58,14.36,108.0,76.68,2.71
464,Monte Alegre de Sergipe,44,BR,1547957974,85,-10.03,-37.56,73.98,7.63
465,Leningradskiy,32,RU,1547957975,99,69.38,178.42,-8.51,16.69
466,Coihaique,0,CL,1547956800,59,-45.58,-72.07,60.8,2.24
467,Tessalit,0,ML,1547957978,27,20.2,1.01,41.0,8.97
468,Sopron,40,HU,1547956200,79,47.68,16.6,28.4,5.82
469,Lebanon,90,US,1547956560,76,43.64,-72.25,14.54,5.82
470,Nhulunbuy,75,AU,1547955000,70,-12.18,136.78,86.0,10.29
471,Juneau,75,US,1547956560,57,58.3,-134.42,32.0,8.05
472,Vuktyl,80,RU,1547957984,76,63.86,57.31,17.51,7.29
473,Kotelnich,80,RU,1547957986,84,58.31,48.34,14.0,7.29
474,Margate,40,AU,1547956800,30,-43.03,147.26,80.6,10.29
475,Cayenne,75,GF,1547956800,94,4.94,-52.33,77.0,6.93
476,Sayyan,0,YE,1547957990,69,15.17,44.32,34.52,2.59
477,Ludvika,0,SE,1547956200,78,60.15,15.18,15.8,11.41
478,Turiacu,80,BR,1547957992,98,-5.01,-63.0,73.89,3.71
479,Ilulissat,76,GL,1547956200,77,69.22,-51.1,1.4,11.41
480,Kabanjahe,40,ID,1547956800,70,3.1,98.49,86.0,6.93
481,Takoradi,20,GH,1547957996,100,4.89,-1.75,79.34,5.84
482,New Richmond,90,CA,1547953200,52,48.17,-65.87,-7.61,4.7
483,Boyabat,32,TR,1547957998,66,41.47,34.77,13.01,3.71
484,Russell,0,AR,1547956800,64,-33.01,-68.8,71.6,6.93
485,Seminole,1,US,1547956500,51,32.72,-102.64,41.72,5.82
486,Caluquembe,64,AO,1547958002,83,-13.78,14.68,54.99,2.15
487,Sivas,40,TR,1547956200,73,39.75,37.01,19.4,8.05
488,Mahon,75,IE,1547956800,100,51.89,-8.4,42.8,8.05
489,Sakit,20,IN,1547958006,84,27.45,78.82,52.43,2.82
490,Gainesville,90,US,1547956920,87,29.65,-82.33,66.92,10.29
491,Mandalgovi,0,MN,1547958009,67,45.76,106.27,4.73,14.67
492,Formosa do Rio Preto,100,BR,1547958010,40,-11.04,-45.19,84.24,5.73
493,Tautira,40,PF,1547956800,66,-17.73,-149.15,84.2,6.93
494,Inyonga,76,TZ,1547958013,97,-6.72,32.06,64.04,2.71
495,Shatsk,90,UA,1547956800,85,51.49,23.92,24.8,2.24
496,Nuevo Progreso,1,US,1547956500,37,26.05,-97.95,60.8,6.93
497,Uarini,12,BR,1547958017,92,-2.98,-65.16,76.37,5.39
498,Sandnessjoen,48,NO,1547956200,100,66.02,12.63,28.4,4.7
499,Sokoni,92,CD,1547958019,98,-12.89,28.78,63.41,4.72
500,Acajutla,8,SV,1547958021,87,13.59,-89.83,72.95,2.71
501,Srednekolymsk,8,RU,1547958022,73,67.46,153.71,-36.99,2.26
502,Ladario,76,PT,1547958023,98,40.7,-7.74,44.78,3.27
503,Bone,40,ID,1547956800,79,-5.29,119.42,86.0,10.29
504,Valparaiso,90,US,1547956560,65,41.47,-87.06,26.6,13.87
505,Dzaoudzi,0,YT,1547956800,83,-12.79,45.27,84.2,11.41
506,San Juan Evangelista,88,MX,1547958028,63,17.88,-95.14,71.06,19.71
507,Salimbalan,92,PH,1547958030,100,8.27,124.72,72.05,5.17
508,Sao Miguel do Araguaia,36,BR,1547958031,93,-13.28,-50.16,75.96,3.49
509,Linhares,0,BR,1547958033,83,-19.38,-40.06,75.96,9.19
510,Araci,64,BR,1547958034,92,-11.34,-38.96,72.81,7.96
511,Rimbey,90,CA,1547953200,84,52.64,-114.24,6.8,3.36
512,Hovd,75,NO,1547956200,86,63.83,10.7,28.4,13.87
513,Mogadouro,36,PT,1547958038,96,41.34,-6.71,40.23,5.17
514,Polunochnoye,36,RU,1547958039,68,60.87,60.43,9.5,3.83
515,Saint Anthony,90,US,1547956560,88,43.97,-111.68,33.8,5.82
516,Maldonado,20,UY,1547956800,77,-34.91,-54.96,62.6,6.93
517,Salvador,40,BR,1547956800,74,-12.98,-38.48,82.4,11.41
518,Vilhena,12,BR,1547958044,88,-12.74,-60.15,74.3,3.71
519,Rocha,44,UY,1547958006,75,-34.48,-54.34,60.84,6.85
520,Khandyga,0,RU,1547958047,0,62.65,135.58,-47.61,2.82
521,Bacolod,92,PH,1547958048,99,10.68,122.95,74.84,10.65
522,Hambantota,75,LK,1547953800,74,6.12,81.12,80.6,4.7
523,Bereda,88,ES,1547955000,81,43.27,-7.54,50.0,6.93
524,El Carmen,90,AR,1547956800,100,-24.39,-65.26,62.6,5.82
525,Sampit,48,ID,1547958054,96,-2.54,112.95,83.66,4.38
526,Gimli,12,CA,1547958004,71,50.63,-96.99,-36.54,5.61
527,Camacha,75,PT,1547955000,93,33.08,-16.33,60.8,17.22
528,Kutum,0,SD,1547958057,71,14.2,24.66,46.31,3.15
529,Machakos,40,KE,1547955000,87,-1.52,37.27,55.4,3.36
530,Maroua,0,CM,1547958060,48,10.6,14.33,61.29,6.4
531,Stokmarknes,32,NO,1547958061,100,68.56,14.91,25.29,3.49
532,Ponta Delgada,20,PT,1547955000,82,37.73,-25.67,55.4,6.93
533,Gushi,68,CN,1547958064,75,32.17,115.65,37.49,4.72
534,Kiruna,0,SE,1547956200,92,67.86,20.23,12.2,3.38
535,Seoul,0,KR,1547956800,20,37.57,126.98,34.88,14.99
536,San Ignacio,0,CL,1547956800,93,-36.8,-72.03,57.2,5.82
537,Lasa,20,CY,1547955000,87,34.92,32.53,53.6,10.29
538,Anqing,68,CN,1547958070,98,30.51,117.04,40.64,11.99
539,Sorland,76,NO,1547958071,100,67.67,12.69,35.33,19.26
540,Wawa,64,NG,1547958073,64,9.9,4.41,76.59,1.7
541,Shaowu,88,CN,1547958074,100,27.34,117.49,48.51,2.59
542,Chuy,0,UY,1547958075,85,-33.69,-53.46,65.21,11.88
543,Kaniama,68,CD,1547958077,96,-7.57,24.18,66.02,2.71
544,Vila Franca do Campo,20,PT,1547955000,82,37.72,-25.43,55.4,6.93
545,Lamu,44,ID,1547958080,81,0.57,122.3,84.2,2.37
546,Itupiranga,0,BR,1547956800,94,-5.13,-49.33,75.2,2.24
547,San Joaquin,80,PH,1547958082,100,10.59,122.14,75.56,8.75
548,Sayansk,36,RU,1547958084,61,54.11,102.18,3.69,2.93
549,Khakhea,0,BW,1547958085,23,-24.69,23.5,60.39,8.52
550,Udaipura,0,IN,1547958087,65,23.07,78.51,53.15,2.59
551,Sisimiut,56,GL,1547958088,100,66.94,-53.67,-11.03,1.81
